"Id","Location Name","Icon","Stat","Created At","Updated At"
"217","Zimbabwe","zw.jpg","A","",""
"216","Zambia","zm.jpg","A","",""
"215","Yemen","ye.jpg","A","",""
"239","Wallis and Futuna","","A","",""
"214","W. Sahara","eh.jpg","A","",""
"213","W. Bank & Gaza Strip","wbs.jpg","A","",""
"212","Vietnam","vn.jpg","A","",""
"211","Venezuela","ve.jpg","A","",""
"210","Vatican City","va.jpg","A","",""
"209","Vanuatu","vu.jpg","A","",""
"208","Uzbekistan","uz.jpg","A","",""
"206","Uruguay","uy.jpg","A","",""
"237","United States Virgin Islands","","A","",""
"238","United States Minor Outlying Islands","","A","",""
"204","Ukraine","ua.jpg","A","",""
"203","Uganda","ug.jpg","A","",""
"207","U.S.","us.jpg","A","",""
"103","U.K.","ukre.jpg","A","",""
"205","U.A.E.","ae.jpg","A","",""
"202","Tuvalu","tv.jpg","A","",""
"236","Turks and Caicos Islands","","A","",""
"201","Turkmenistan","tm.jpg","A","",""
"200","Turkey","tr.jpg","A","",""
"199","Tunisia","tn.jpg","A","",""
"198","Trinidad & Tobago","tt.jpg","A","",""
"197","Tonga","to1.jpg","A","",""
"235","Tokelau","","A","",""
"196","Togo","tg.jpg","A","",""
"195","Timor-Laste","tl.jpg","A","",""
"193","The Former Yugoslav  Macedonia","mk.jpg","A","",""
"192","Thailand","th.jpg","A","",""
"191","Tanzania","tz.jpg","A","",""
"190","Tajikistan","tj.jpg","A","",""
"189","Taiwan","tw.jpg","A","",""
"188","Syria","sy.jpg","A","",""
"187","Switzerland","ksw.jpg","A","",""
"186","Sweden","se.jpg","A","",""
"185","Swaziland","sz.jpg","A","",""
"234","Svalbard and Jan Mayen","","A","",""
"184","Suriname","sr.jpg","A","",""
"183","Sudan","sd.jpg","A","",""
"182","St. Vincent & the Grenadines","vc.jpg","A","",""
"181","St. Lucia","lc.jpg","A","",""
"180","St. Kitts & Nevis","saire.jpg","A","",""
"179","Sri Lanka","lk.jpg","A","",""
"178","Spain","es.jpg","A","",""
"233","South Sudan","","A","",""
"232","South Georgia and the South Sandwich Islands","","A","",""
"176","South Africa","za.jpg","A","",""
"175","Somalia","so.jpg","A","",""
"174","Solomon Islands","sb.jpg","A","",""
"173","Slovenia","si.jpg","A","",""
"194","Slovakia","sk.jpg","A","",""
"231","Sint Maarten","","A","",""
"172","Singapore","sg.jpg","A","",""
"171","Sierra Leone","sl.jpg","A","",""
"170","Seychelles","sc.jpg","A","",""
"169","Serbia & Montenegro","smo.jpg","A","",""
"230","Serbia","","A","",""
"168","Senegal","sn.jpg","A","",""
"167","Saudi Arabia","sa.jpg","A","",""
"166","Sao Tome & Principe","st.jpg","A","",""
"165","San Marino","sm.jpg","A","",""
"164","Samoa","ws.jpg","A","",""
"229","Saint Pierre and Miquelon","","A","",""
"228","Saint Martin","","A","",""
"227","Saint Helena","","A","",""
"226","Saint Barthelemy","","A","",""
"177","S. Korea","kr.jpg","A","",""
"163","Rwanda","rw.jpg","A","",""
"162","Russia","ru.jpg","A","",""
"161","Romania","ro.jpg","A","",""
"160","Reunion","re.jpg","A","",""
"159","Qatar","qa.jpg","A","",""
"158","Puerto Rico","pr.jpg","A","",""
"157","Portugal","pore.jpg","A","",""
"156","Poland","pl.jpg","A","",""
"225","Pitcairn","","A","",""
"155","Philippines","ph.jpg","A","",""
"154","Peru","pe.jpg","A","",""
"153","Paraguay","py.jpg","A","",""
"152","Papua New Guinea","pg.jpg","A","",""
"151","Panama","pa.jpg","A","",""
"150","Palau","pw.jpg","A","",""
"149","Pakistan","pk.jpg","A","",""
"148","Oman","om.jpg","A","",""
"147","Norway","no1.jpg","A","",""
"224","Norfolk Island","","A","",""
"223","Niue","","A","",""
"144","Nigeria","ng.jpg","A","",""
"143","Niger","ne1.jpg","A","",""
"142","Nicaragua","ni.jpg","A","",""
"141","New Zealand","nz.jpg","A","",""
"140","New Caledonia","nc.jpg","A","",""
"139","Netherlands Antilles","an.jpg","A","",""
"138","Netherlands","nl.jpg","A","",""
"137","Nepal","np.jpg","A","",""
"136","Nauru","nr.jpg","A","",""
"135","Namibia","na.jpg","A","",""
"146","N. Mariana Islands","mp.jpg","A","",""
"145","N. Korea","kp.jpg","A","",""
"134","Myanmar","mm.jpg","A","",""
"133","Mozambique","mz.jpg","A","",""
"132","Morocco","ma.jpg","A","",""
"222","Montserrat","","A","",""
"221","Montenegro","","A","",""
"131","Mongolia","mn.jpg","A","",""
"130","Monaco","mc.jpg","A","",""
"129","Moldova","md.jpg","A","",""
"128","Micronesia","fm.jpg","A","",""
"127","Mexico","ums.jpg","A","",""
"220","Mayotte","","A","",""
"126","Mauritius","mu.jpg","A","",""
"125","Mauritania","mr.jpg","A","",""
"124","Martinique","mq.jpg","A","",""
"123","Marshall Islands","mh.jpg","A","",""
"122","Malta","mt.jpg","A","",""
"121","Mali","ml.jpg","A","",""
"120","Maldives","mv.jpg","A","",""
"119","Malaysia","my.jpg","A","",""
"118","Malawi","mw.jpg","A","",""
"117","Madagascar","mg.jpg","A","",""
"116","Macau","mo.jpg","A","",""
"115","Luxembourg","lu.jpg","A","",""
"114","Lithuania","lt1.jpg","A","",""
"113","Liechtenstein","li.jpg","A","",""
"112","Libya","ly.jpg","A","",""
"111","Liberia","lr.jpg","A","",""
"110","Lesotho","ls.jpg","A","",""
"109","Lebanon","lb.jpg","A","",""
"108","Latvia","lv.jpg","A","",""
"107","Laos","la.jpg","A","",""
"106","Kyrgyzstan","kre.jpg","A","",""
"105","Kuwait","kw.jpg","A","",""
"104","Kiribati","ki.jpg","A","",""
"102","Kenya","ke.jpg","A","",""
"101","Kazakhstan","kz.jpg","A","",""
"100","Jordan","jo.jpg","A","",""
"99","Japan","jp.jpg","A","",""
"98","Jamaica","jm.jpg","A","",""
"97","Italy","it.jpg","A","",""
"96","Israel","il.jpg","A","",""
"95","Islas Canarias","igal.jpg","A","",""
"94","Ireland","ie.jpg","A","",""
"93","Iraq","iq.jpg","A","",""
"92","Iran","ir.jpg","A","",""
"91","Indonesia","id1.jpg","A","",""
"1","India","ind.jpg","A","",""
"90","Iceland","is1.jpg","A","",""
"89","Hungary","hu.jpg","A","",""
"88","Hong Kong Special Admin Region","hk.jpg","A","",""
"87","Honduras","hn.jpg","A","",""
"86","Hellenic Republic","helre.jpg","A","",""
"85","Haiti","ht.jpg","A","",""
"84","Guyana","gy.jpg","A","",""
"83","Guinea-Bissau","gw.jpg","A","",""
"82","Guinea","gn.jpg","A","",""
"81","Guatemala","v.jpg","A","",""
"80","Guam","gu.jpg","A","",""
"79","Guadeloupe","gp.jpg","A","",""
"78","Grenada","gd.jpg","A","",""
"77","Greenland","gl.jpg","A","",""
"219","Greece","","A","",""
"76","Gibraltar","gi.jpg","A","",""
"75","Ghana","gh.jpg","A","",""
"74","Germany","de.jpg","A","",""
"73","Georgia","ge1.jpg","A","",""
"72","Gambia","gm.jpg","A","",""
"71","Gabon","gabre.jpg","A","",""
"70","French Polynesia","pf.jpg","A","",""
"69","French Guiana","gf.jpg","A","",""
"68","France","fre.jpg","A","",""
"67","Finland","fi.jpg","A","",""
"66","Fiji","fj.jpg","A","",""
"65","Faroe Islands","fo.jpg","A","",""
"64","Falkland Islands & Dependencies","fk.jpg","A","",""
"63","Ethiopia","et.jpg","A","",""
"62","Estonia","ee.jpg","A","",""
"61","Eritrea","er.jpg","A","",""
"60","Equatorial Guinea","gq.jpg","A","",""
"59","El Salvador","sv.jpg","A","",""
"58","Egypt","eg.jpg","A","",""
"57","Ecuador","ec.jpg","A","",""
"56","Dominican Republic","do1.jpg","A","",""
"55","Dominica","dm.jpg","A","",""
"54","Djibouti","dj.jpg","A","",""
"53","Denmark","dk.jpg","A","",""
"52","Czech Republic","cz.jpg","A","",""
"51","Cyprus","cy.jpg","A","",""
"50","Cuba","cu.jpg","A","",""
"49","Croatia","hr.jpg","A","",""
"48","Cote d'Ivoire","ci.jpg","A","",""
"47","Costa Rica","cr.jpg","A","",""
"46","Cook Islands","ck.jpg","A","",""
"45","Congo1","cd.jpg","A","",""
"44","Congo","cg.jpg","A","",""
"43","Comoros","km.jpg","A","",""
"42","Colombia","co.jpg","A","",""
"41","China","cn.jpg","A","",""
"40","Chile","cl.jpg","A","",""
"39","Chad","td.jpg","A","",""
"38","Central African Republic","cf.jpg","A","",""
"37","Cape Verde","cv.jpg","A","",""
"36","Canada","ca.jpg","A","",""
"35","Cameroon","cm.jpg","A","",""
"34","Cambodia","kh.jpg","A","",""
"33","Burundi","bi.jpg","A","",""
"32","Burkina Faso","bf.jpg","A","",""
"31","Bulgaria","bg.jpg","A","",""
"30","Brunei","nr.jpg","A","",""
"29","Brazil","br.jpg","A","",""
"28","Botswana","bw.jpg","A","",""
"27","Bosnia & Herzegovina","ba.jpg","A","",""
"26","Bolivia","bo.jpg","A","",""
"25","Bhutan","bt.jpg","A","",""
"24","Bermuda","bm.jpg","A","",""
"23","Benin","bj.jpg","A","",""
"22","Belize","bz.jpg","A","",""
"21","Belgium","be.jpg","A","",""
"20","Belarus","by.jpg","A","",""
"19","Barbados","bb.jpg","A","",""
"18","Bangladesh","bd.jpg","A","",""
"17","Bahrain","bh.jpg","A","",""
"16","Bahamas","bs.jpg","A","",""
"15","Azerbaijan","az.jpg","A","",""
"14","Austria","at1.jpg","A","",""
"13","Australia","au.jpg","A","",""
"12","Aruba","aw.jpg","A","",""
"11","Armenia","am.jpg","A","",""
"10","Argentina","ar.jpg","A","",""
"9","Antigua & Barbuda","ag.jpg","A","",""
"8","Antarctica","","A","",""
"7","Angola","ao.jpg","A","",""
"6","Andorra","ad.jpg","A","",""
"5","American Samoa","as.jpg","A","",""
"4","Algeria","dz.jpg","A","",""
"3","Albania","al.jpg","A","",""
"218","Alaska","us.jpg","A","",""
"2","Afghanistan","af.jpg","A","",""
